passenger_id,survived,passenger_class,sex,age,siblings_spouses,parents_children,fare,embarked_c,embarked_q,embarked_s
1,0,3,0,-0.5834320775681558,0.8102200324595066,0.0,-0.8205524467753036,0,0,1
2,1,1,1,0.742685221190076,0.8102200324595066,0.0,2.0316232164746784,1,0,0
3,1,3,1,-0.2519027528785979,-0.6025119615158758,0.0,-0.7875775669667633,0,0,1
4,1,1,1,0.4940382276729075,0.8102200324595066,0.0,1.4192967965159125,0,0,1
5,0,3,0,0.4940382276729075,-0.6025119615158758,0.0,-0.7814711077429595,0,0,1
6,0,3,0,-0.08613809053381893,-0.6025119615158758,0.0,-0.761524969334327,0,1,0
7,0,1,0,2.0688025199483078,-0.6025119615158758,0.0,1.358842850200255,0,0,1
8,0,3,0,-2.199637535429751,2.9293180234225806,0.0,-0.14517805662260871,0,0,1
9,1,3,1,-0.16902042170620843,-0.6025119615158758,0.0,-0.6308467419449267,0,0,1
10,1,2,1,-1.2464907269472718,0.8102200324595066,0.0,0.2942818304613415,1,0,0
11,1,3,1,-2.075314038671167,0.8102200324595066,0.0,-0.35890412945574,0,0,1
12,1,1,1,2.1102436855345026,-0.6025119615158758,0.0,0.12228485737999564,0,0,1
13,0,3,0,-0.7491967399129349,-0.6025119615158758,0.0,-0.7814711077429595,0,0,1
14,0,3,0,0.8255675523624655,0.8102200324595066,0.0,0.35310901603977735,0,0,1
15,0,3,1,-1.2464907269472718,-0.6025119615158758,0.0,-0.7910362654711258,0,0,1
16,1,2,1,2.1102436855345026,-0.6025119615158758,0.0,-0.393100301109041,0,0,1
17,0,3,0,-2.199637535429751,2.9293180234225806,0.0,0.24807791739035287,0,1,0
18,1,2,0,-0.08613809053381893,-0.6025119615158758,0.0,-0.539655322480331,0,0,1
19,0,3,1,0.16250890298334955,0.8102200324595066,0.0,-0.29539695352818096,0,0,1
20,1,3,1,-0.08613809053381893,-0.6025119615158758,0.0,-0.8217737386200644,1,0,0
21,0,2,0,0.4940382276729075,-0.6025119615158758,0.0,0.0954164367952591,0,0,1
22,1,2,0,0.41115589650051804,-0.6025119615158758,0.0,-0.539655322480331,0,0,1
23,1,3,1,-1.1636083957748824,-0.6025119615158758,0.0,-0.7824872225578006,0,1,0
24,1,1,0,-0.08613809053381893,-0.6025119615158758,0.0,0.5595073378043441,0,0,1
25,0,3,1,-1.7437847139816087,2.9293180234225806,0.0,-0.14517805662260871,0,0,1
26,1,3,1,0.742685221190076,0.8102200324595066,0.0,0.35860482934120075,0,0,1
27,0,3,0,-0.08613809053381893,-0.6025119615158758,0.0,-0.8217737386200644,1,0,0
28,0,1,0,-0.8320790710853244,2.9293180234225806,0.0,2.0316232164746784,0,0,1
29,1,3,1,-0.08613809053381893,-0.6025119615158758,0.0,-0.789814973626365,0,1,0
30,0,3,0,-0.08613809053381893,-0.6025119615158758,0.0,-0.7890040358414437,0,0,1
31,0,1,0,0.908449883534855,-0.6025119615158758,0.0,0.1794803970538311,1,0,0
32,1,1,1,-0.08613809053381893,0.8102200324595066,0.0,2.0316232164746784,1,0,0
33,1,3,1,-0.08613809053381893,-0.6025119615158758,0.0,-0.7961266098800885,0,1,0
34,0,2,0,2.1102436855345026,-0.6025119615158758,0.0,-0.661784506956406,0,0,1
35,0,1,0,-0.08613809053381893,0.8102200324595066,0.0,2.0316232164746784,1,0,0
36,0,1,0,1.074214545879634,0.8102200324595066,0.0,1.3655599553464393,0,0,1
37,1,3,0,-0.08613809053381893,-0.6025119615158758,0.0,-0.8215685615901446,1,0,0
38,0,3,0,-0.6663144087405454,-0.6025119615158758,0.0,-0.7814711077429595,0,0,1
39,0,3,1,-0.9149614022577138,2.222952026434889,0.0,-0.29539695352818096,0,0,1
40,1,3,1,-1.2464907269472718,0.8102200324595066,0.0,-0.6255512205060441,1,0,0
41,0,3,1,0.908449883534855,0.8102200324595066,0.0,-0.7118574725915968,0,0,1
42,0,2,1,-0.16902042170620843,0.8102200324595066,0.0,-0.14884193215689093,0,0,1
43,0,3,0,-0.08613809053381893,-0.6025119615158758,0.0,-0.7890040358414437,1,0,0
44,1,2,1,-2.1581963698435565,0.8102200324595066,0.0,0.8564864331111263,1,0,0
45,1,3,1,-0.8320790710853244,-0.6025119615158758,0.0,-0.789814973626365,0,1,0
46,0,3,0,-0.08613809053381893,-0.6025119615158758,0.0,-0.7814711077429595,0,0,1
47,0,3,0,-0.08613809053381893,0.8102200324595066,0.0,-0.417526138004256,0,1,0
48,1,3,1,-0.08613809053381893,-0.6025119615158758,0.0,-0.7961266098800885,0,1,0
49,0,3,0,-0.08613809053381893,2.222952026434889,0.0,-0.1156618753184308,1,0,0
50,0,3,1,-0.9149614022577138,0.8102200324595066,0.0,-0.30516728828626694,0,0,1
51,0,3,0,-1.8266670451539984,2.9293180234225806,0.0,0.7640737218017698,0,0,1
52,0,3,0,-0.6663144087405454,-0.6025119615158758,0.0,-0.793684026190567,0,0,1
53,1,1,1,1.6543908640863605,0.8102200324595066,0.0,2.0316232164746784,1,0,0
54,1,2,1,-0.003255759361429436,0.8102200324595066,0.0,0.0954164367952591,0,0,1
55,0,1,0,2.1102436855345026,-0.6025119615158758,0.0,1.8530605784358982,1,0,0
56,1,1,0,-0.08613809053381893,-0.6025119615158758,0.0,0.5595073378043441,0,0,1
57,1,2,1,-0.6663144087405454,-0.6025119615158758,0.0,-0.661784506956406,0,0,1
58,0,3,0,-0.04469692494762418,-0.6025119615158758,0.0,-0.8215685615901446,1,0,0
59,1,2,1,-1.9924317074987772,0.8102200324595066,0.0,0.18090686592851163,0,0,1
60,0,3,0,-1.4951377204644403,2.9293180234225806,0.0,1.1164164190152461,0,0,1
61,0,3,0,-0.5834320775681558,-0.6025119615158758,0.0,-0.8215685615901446,1,0,0
62,1,1,1,0.742685221190076,-0.6025119615158758,0.0,2.0316232164746784,0,0,1
63,0,1,0,1.3228615393968024,0.8102200324595066,0.0,2.0316232164746784,0,0,1
64,0,3,0,-2.075314038671167,2.9293180234225806,0.0,0.18823461699707605,0,0,1
65,0,1,0,-0.08613809053381893,-0.6025119615158758,0.0,0.1794803970538311,1,0,0
66,1,3,0,-0.08613809053381893,0.8102200324595066,0.0,-0.42994423348178334,1,0,0
67,1,2,1,-0.003255759361429436,-0.6025119615158758,0.0,-0.661784506956406,0,0,1
68,0,3,0,-0.8320790710853244,-0.6025119615158758,0.0,-0.776180471471456,0,0,1
69,1,3,1,-0.9978437334301034,2.9293180234225806,0.0,-0.7875775669667633,0,0,1
70,0,3,0,-0.2519027528785979,2.222952026434889,0.0,-0.7515494575463212,0,0,1
71,0,2,0,0.24539123415573905,-0.6025119615158758,0.0,-0.661784506956406,0,0,1
72,0,3,1,-1.0807260646024928,2.9293180234225806,0.0,1.1164164190152461,0,0,1
73,0,2,0,-0.6663144087405454,-0.6025119615158758,0.0,2.0316232164746784,0,0,1
74,0,3,0,-0.2519027528785979,0.8102200324595066,0.0,-0.46861521845428766,1,0,0
75,1,3,0,0.24539123415573905,-0.6025119615158758,0.0,1.5851873103734548,0,0,1
76,0,3,0,-0.3347850840509874,-0.6025119615158758,0.0,-0.8010117772591314,0,0,1
77,0,3,0,-0.08613809053381893,-0.6025119615158758,0.0,-0.7890040358414437,0,0,1
78,0,3,0,-0.08613809053381893,-0.6025119615158758,0.0,-0.7814711077429595,0,0,1
79,1,2,0,-2.199637535429751,-0.6025119615158758,0.0,0.24197145816654914,0,0,1
80,1,3,1,0.07962657181096006,-0.6025119615158758,0.0,-0.5653024512203068,0,0,1
81,0,3,0,-0.5834320775681558,-0.6025119615158758,0.0,-0.735062017642051,0,0,1
82,1,3,0,-0.003255759361429436,-0.6025119615158758,0.0,-0.710636180746836,0,0,1
83,1,3,1,-0.08613809053381893,-0.6025119615158758,0.0,-0.7942946721129476,0,1,0
84,0,1,0,-0.08613809053381893,-0.6025119615158758,0.0,1.1261867537733323,0,0,1
85,1,2,1,-0.9978437334301034,-0.6025119615158758,0.0,-0.661784506956406,0,0,1
86,1,3,1,0.3282735653281285,2.9293180234225806,0.0,-0.4004280521776055,0,0,1
87,0,3,0,-1.0807260646024928,0.8102200324595066,0.0,0.5045492047901105,0,0,1
88,0,3,0,-0.08613809053381893,-0.6025119615158758,0.0,-0.7814711077429595,0,0,1
89,1,1,1,-0.5005497463957664,2.9293180234225806,0.0,2.0316232164746784,0,0,1
90,0,3,0,-0.4176674152233769,-0.6025119615158758,0.0,-0.7814711077429595,0,0,1
91,0,3,0,-0.003255759361429436,-0.6025119615158758,0.0,-0.7814711077429595,0,0,1
92,0,3,0,-0.7491967399129349,-0.6025119615158758,0.0,-0.7910362654711258,0,0,1
93,0,1,0,1.405743870569192,0.8102200324595066,0.0,1.8137740623736347,0,0,1
94,0,3,0,-0.2519027528785979,0.8102200324595066,0.0,-0.16960389351782373,0,0,1
95,0,3,0,2.1102436855345026,-0.6025119615158758,0.0,-0.8205524467753036,0,0,1
96,0,3,0,-0.08613809053381893,-0.6025119615158758,0.0,-0.7814711077429595,0,0,1
97,0,1,0,2.1102436855345026,-0.6025119615158758,0.0,0.5181885921123986,1,0,0
98,1,1,0,-0.5005497463957664,-0.6025119615158758,0.0,1.9204319217602805,1,0,0
99,1,2,1,0.41115589650051804,-0.6025119615158758,0.0,-0.051138584576030925,0,0,1
100,0,2,0,0.41115589650051804,0.8102200324595066,0.0,0.0954164367952591,0,0,1
101,0,3,1,-0.08613809053381893,-0.6025119615158758,0.0,-0.7890040358414437,0,0,1
102,0,3,0,-0.08613809053381893,-0.6025119615158758,0.0,-0.7890040358414437,0,0,1
103,0,1,0,-0.6663144087405454,-0.6025119615158758,0.0,2.0316232164746784,0,0,1
104,0,3,0,0.3282735653281285,-0.6025119615158758,0.0,-0.7519549264387818,0,0,1
105,0,3,0,0.6598028900176865,2.222952026434889,0.0,-0.7875775669667633,0,0,1
106,0,3,0,-0.08613809053381893,-0.6025119615158758,0.0,-0.7890040358414437,0,0,1
107,1,3,1,-0.6663144087405454,-0.6025119615158758,0.0,-0.8010117772591314,0,0,1
108,1,3,0,-0.08613809053381893,-0.6025119615158758,0.0,-0.7949053180353277,0,0,1
109,0,3,0,0.742685221190076,-0.6025119615158758,0.0,-0.7890040358414437,0,0,1
110,1,3,1,-0.08613809053381893,0.8102200324595066,0.0,0.005040840282963516,0,1,0
111,0,1,0,1.4886262017415814,-0.6025119615158758,0.0,1.3655599553464393,0,0,1
112,0,3,1,-1.205049561361077,0.8102200324595066,0.0,-0.46861521845428766,1,0,0
113,0,3,0,-0.5834320775681558,-0.6025119615158758,0.0,-0.7814711077429595,0,0,1
114,0,3,1,-0.7491967399129349,0.8102200324595066,0.0,-0.6947593867649463,0,0,1
115,0,3,1,-0.9978437334301034,-0.6025119615158758,0.0,-0.46841492659174694,1,0,0
116,0,3,0,-0.6663144087405454,-0.6025119615158758,0.0,-0.7875775669667633,0,0,1
117,0,3,0,2.1102436855345026,-0.6025119615158758,0.0,-0.7961266098800885,0,1,0
118,0,2,0,-0.003255759361429436,0.8102200324595066,0.0,-0.14884193215689093,0,0,1
119,0,1,0,-0.4176674152233769,-0.6025119615158758,0.0,2.0316232164746784,1,0,0
120,0,3,1,-2.199637535429751,2.9293180234225806,0.0,0.35310901603977735,0,0,1
121,0,2,0,-0.6663144087405454,2.222952026434889,0.0,2.0316232164746784,0,0,1
122,0,3,0,-0.08613809053381893,-0.6025119615158758,0.0,-0.7814711077429595,0,0,1
123,0,2,0,0.2868323997419338,0.8102200324595066,0.0,0.2942818304613415,1,0,0
124,1,2,1,0.2868323997419338,-0.6025119615158758,0.0,-0.539655322480331,0,0,1
125,0,1,0,2.0688025199483078,-0.6025119615158758,0.0,2.0316232164746784,0,0,1
126,1,3,0,-1.4122553892920509,0.8102200324595066,0.0,-0.6255512205060441,1,0,0
127,0,3,0,-0.08613809053381893,-0.6025119615158758,0.0,-0.7961266098800885,0,1,0
128,1,3,0,-0.4176674152233769,-0.6025119615158758,0.0,-0.8258430830468071,0,0,1
129,1,3,1,-0.08613809053381893,0.8102200324595066,0.0,-0.08248670364734986,1,0,0
130,0,3,0,1.3228615393968024,-0.6025119615158758,0.0,-0.8339866570676719,0,0,1
131,0,3,0,0.3282735653281285,-0.6025119615158758,0.0,-0.7890040358414437,1,0,0
132,0,3,0,-0.7491967399129349,-0.6025119615158758,0.0,-0.8303227815333896,0,0,1
133,0,3,1,1.4886262017415814,0.8102200324595066,0.0,-0.466377811794686,0,0,1
134,1,2,1,-0.003255759361429436,0.8102200324595066,0.0,0.0954164367952591,0,0,1
135,0,2,0,-0.3347850840509874,-0.6025119615158758,0.0,-0.539655322480331,0,0,1
136,0,2,0,-0.5005497463957664,-0.6025119615158758,0.0,-0.4397145682398693,1,0,0
137,1,1,1,-0.8320790710853244,-0.6025119615158758,0.0,0.10925611598008794,0,0,1
138,0,1,0,0.6598028900176865,0.8102200324595066,0.0,1.4192967965159125,0,0,1
139,0,3,0,-1.0807260646024928,-0.6025119615158758,0.0,-0.7244758599316649,0,0,1
140,0,1,0,-0.4176674152233769,-0.6025119615158758,0.0,2.0316232164746784,1,0,0
141,0,3,1,-0.08613809053381893,-0.6025119615158758,0.0,-0.42994423348178334,1,0,0
142,1,3,1,-0.5834320775681558,-0.6025119615158758,0.0,-0.7961266098800885,0,0,1
143,1,3,1,-0.4176674152233769,0.8102200324595066,0.0,-0.4004280521776055,0,0,1
144,0,3,0,-0.8320790710853244,-0.6025119615158758,0.0,-0.8449782836705185,0,1,0
145,0,2,0,-0.9149614022577138,-0.6025119615158758,0.0,-0.612932833165976,0,0,1
146,0,2,0,-0.8320790710853244,0.8102200324595066,0.0,0.6205719300423816,0,0,1
147,1,3,0,-0.16902042170620843,-0.6025119615158758,0.0,-0.7938892032204868,0,0,1
148,0,3,1,-1.6609023828092193,2.222952026434889,0.0,0.5045492047901105,0,0,1
149,0,2,0,0.6183617244314917,-0.6025119615158758,0.0,0.0954164367952591,0,0,1
150,0,2,0,1.074214545879634,-0.6025119615158758,0.0,-0.539655322480331,0,0,1
151,0,2,0,1.8201555264311393,-0.6025119615158758,0.0,-0.5628598675307852,0,0,1
152,1,1,1,-0.5834320775681558,0.8102200324595066,0.0,2.0316232164746784,0,0,1
153,0,3,0,2.1102436855345026,-0.6025119615158758,0.0,-0.7814711077429595,0,0,1
154,0,3,0,0.9498910491210497,-0.6025119615158758,0.0,-0.466377811794686,0,0,1
155,0,3,0,-0.08613809053381893,-0.6025119615158758,0.0,-0.8174992171634017,0,0,1
156,0,1,0,1.8201555264311393,-0.6025119615158758,0.0,1.8237495741616405,1,0,0
157,1,3,1,-1.0807260646024928,-0.6025119615158758,0.0,-0.7969424328323887,0,1,0
158,0,3,0,0.07962657181096006,-0.6025119615158758,0.0,-0.7814711077429595,0,0,1
159,0,3,0,-0.08613809053381893,-0.6025119615158758,0.0,-0.7515494575463212,0,0,1
160,0,3,0,-0.08613809053381893,2.9293180234225806,0.0,2.0316232164746784,0,0,1
161,0,3,0,1.239979208224413,-0.6025119615158758,0.0,-0.3882151337299979,0,0,1
162,1,2,1,0.908449883534855,-0.6025119615158758,0.0,-0.4053132195566485,0,0,1
163,0,3,0,-0.2519027528785979,-0.6025119615158758,0.0,-0.7949053180353277,0,0,1
164,0,3,0,-0.9978437334301034,-0.6025119615158758,0.0,-0.7515494575463212,0,0,1
165,0,3,0,-2.199637535429751,2.9293180234225806,0.0,0.7640737218017698,0,0,1
166,1,3,0,-1.6609023828092193,-0.6025119615158758,0.0,-0.17204647720734526,0,0,1
167,1,1,1,-0.08613809053381893,-0.6025119615158758,0.0,1.5121149767177293,0,0,1
168,0,3,1,1.3228615393968024,0.8102200324595066,0.0,0.18823461699707605,0,0,1
169,0,1,0,-0.08613809053381893,-0.6025119615158758,0.0,0.09175256126097689,0,0,1
170,0,3,0,-0.08613809053381893,-0.6025119615158758,0.0,1.5851873103734548,0,0,1
171,0,1,0,2.1102436855345026,-0.6025119615158758,0.0,0.4618039902234842,0,0,1
172,0,3,0,-2.075314038671167,2.9293180234225806,0.0,0.24807791739035287,0,1,0
173,1,3,1,-2.199637535429751,0.8102200324595066,0.0,-0.6308467419449267,0,0,1
174,0,3,0,-0.6663144087405454,-0.6025119615158758,0.0,-0.7875775669667633,0,0,1
175,0,1,0,2.1102436855345026,-0.6025119615158758,0.0,0.32481412658036024,1,0,0
176,0,3,0,-0.9149614022577138,0.8102200324595066,0.0,-0.7910362654711258,0,0,1
177,0,3,0,-0.08613809053381893,2.9293180234225806,0.0,0.06936383916282275,0,0,1
178,0,1,1,1.73727319525875,-0.6025119615158758,0.0,0.22792660195180042,1,0,0
179,0,2,0,0.07962657181096006,-0.6025119615158758,0.0,-0.539655322480331,0,0,1
180,0,3,0,0.576920558845297,-0.6025119615158758,0.0,-1.1747270817559212,0,0,1
181,0,3,1,-0.08613809053381893,2.9293180234225806,0.0,2.0316232164746784,0,0,1
182,0,2,0,-0.08613809053381893,-0.6025119615158758,0.0,-0.4395093912099495,1,0,0
183,0,3,0,-1.6609023828092193,2.9293180234225806,0.0,0.35860482934120075,0,0,1
184,1,2,0,-2.199637535429751,2.222952026434889,0.0,0.7304881960708492,0,0,1
185,1,3,1,-2.075314038671167,-0.6025119615158758,0.0,-0.09876896652170025,0,0,1
186,0,1,0,-0.08613809053381893,-0.6025119615158758,0.0,1.2678566077655793,0,0,1
187,1,3,1,-0.08613809053381893,0.8102200324595066,0.0,-0.417526138004256,0,1,0
188,1,1,0,1.3228615393968024,-0.6025119615158758,0.0,0.12228485737999564,0,0,1
189,0,3,0,0.908449883534855,0.8102200324595066,0.0,-0.417526138004256,0,1,0
190,0,3,0,0.576920558845297,-0.6025119615158758,0.0,-0.7890040358414437,0,0,1
191,1,2,1,0.24539123415573905,-0.6025119615158758,0.0,-0.539655322480331,0,0,1
192,0,2,0,-0.8320790710853244,-0.6025119615158758,0.0,-0.539655322480331,0,0,1
193,1,3,1,-0.8320790710853244,0.8102200324595066,0.0,-0.7910362654711258,0,0,1
194,1,2,0,-2.1581963698435565,0.8102200324595066,0.0,0.0954164367952591,0,0,1
195,1,1,1,1.239979208224413,-0.6025119615158758,0.0,0.1794803970538311,1,0,0
196,1,1,1,2.1102436855345026,-0.6025119615158758,0.0,2.0316232164746784,1,0,0
197,0,3,0,-0.08613809053381893,-0.6025119615158758,0.0,-0.7961266098800885,0,1,0
198,0,3,0,1.074214545879634,-0.6025119615158758,0.0,-0.7641678448863892,0,0,1
199,1,3,1,-0.08613809053381893,-0.6025119615158758,0.0,-0.7961266098800885,0,1,0
200,0,2,1,-0.4176674152233769,-0.6025119615158758,0.0,-0.539655322480331,0,0,1
201,0,3,0,-0.08613809053381893,-0.6025119615158758,0.0,-0.710636180746836,0,0,1
202,0,3,0,-0.08613809053381893,2.9293180234225806,0.0,2.0316232164746784,0,0,1
203,0,3,0,0.41115589650051804,-0.6025119615158758,0.0,-0.8573963791480459,0,0,1
204,0,3,0,1.3643027049829972,-0.6025119615158758,0.0,-0.8217737386200644,1,0,0
205,1,3,0,-0.9149614022577138,-0.6025119615158758,0.0,-0.7814711077429595,0,0,1
206,0,3,1,-2.199637535429751,-0.6025119615158758,0.0,-0.6636164447235471,0,0,1
207,0,3,0,0.24539123415573905,0.8102200324595066,0.0,-0.4004280521776055,0,0,1
208,1,3,0,-0.2519027528785979,-0.6025119615158758,0.0,-0.25692626041821726,1,0,0
209,1,3,1,-1.0807260646024928,-0.6025119615158758,0.0,-0.7961266098800885,0,1,0
210,1,1,0,0.908449883534855,-0.6025119615158758,0.0,0.33967480574740916,1,0,0
211,0,3,0,-0.4176674152233769,-0.6025119615158758,0.0,-0.8303227815333896,0,0,1
212,1,2,1,0.4940382276729075,-0.6025119615158758,0.0,-0.14884193215689093,0,0,1
213,0,3,0,-0.5834320775681558,-0.6025119615158758,0.0,-0.8205524467753036,0,0,1
214,0,2,0,0.07962657181096006,-0.6025119615158758,0.0,-0.539655322480331,0,0,1
215,0,3,0,-0.08613809053381893,0.8102200324595066,0.0,-0.7961266098800885,0,1,0
216,1,1,1,0.16250890298334955,0.8102200324595066,0.0,2.0316232164746784,1,0,0
217,1,3,1,-0.16902042170620843,-0.6025119615158758,0.0,-0.7875775669667633,0,0,1
218,0,2,0,1.074214545879634,0.8102200324595066,0.0,0.1442681105856891,0,0,1
219,1,1,1,0.24539123415573905,-0.6025119615158758,0.0,2.0316232164746784,1,0,0
220,0,2,0,0.07962657181096006,-0.6025119615158758,0.0,-0.661784506956406,0,0,1
221,1,3,0,-1.0807260646024928,-0.6025119615158758,0.0,-0.7814711077429595,0,0,1
222,0,2,0,-0.16902042170620843,-0.6025119615158758,0.0,-0.539655322480331,0,0,1
223,0,3,0,1.8201555264311393,-0.6025119615158758,0.0,-0.7814711077429595,0,0,1
224,0,3,0,-0.08613809053381893,-0.6025119615158758,0.0,-0.7890040358414437,0,0,1
225,1,1,0,0.742685221190076,0.8102200324595066,0.0,2.0316232164746784,0,0,1
226,0,3,0,-0.5834320775681558,-0.6025119615158758,0.0,-0.7179639318154005,0,0,1
227,1,2,0,-0.8320790710853244,-0.6025119615158758,0.0,-0.661784506956406,0,0,1
228,0,3,0,-0.7077555743267401,-0.6025119615158758,0.0,-0.8205524467753036,0,0,1
229,0,2,0,-0.9149614022577138,-0.6025119615158758,0.0,-0.539655322480331,0,0,1
230,0,3,1,-0.08613809053381893,2.9293180234225806,0.0,0.06936383916282275,0,0,1
231,1,1,1,0.4940382276729075,0.8102200324595066,0.0,2.0316232164746784,0,0,1
232,0,3,0,-0.003255759361429436,-0.6025119615158758,0.0,-0.7949053180353277,0,0,1
233,0,2,0,2.1102436855345026,-0.6025119615158758,0.0,-0.515229485585116,0,0,1
234,1,3,1,-1.9924317074987772,2.9293180234225806,0.0,0.35860482934120075,0,0,1
235,0,2,0,-0.4176674152233769,-0.6025119615158758,0.0,-0.661784506956406,0,0,1
236,0,3,1,-0.08613809053381893,-0.6025119615158758,0.0,-0.8058969446381745,0,0,1
237,0,2,0,1.239979208224413,0.8102200324595066,0.0,0.0954164367952591,0,0,1
238,1,2,1,-1.7437847139816087,-0.6025119615158758,0.0,0.1076293552428666,0,0,1
239,0,2,0,-0.8320790710853244,-0.6025119615158758,0.0,-0.661784506956406,0,0,1
240,0,2,0,0.3282735653281285,-0.6025119615158758,0.0,-0.5750727859783927,0,0,1
241,0,3,1,-0.08613809053381893,0.8102200324595066,0.0,-0.46861521845428766,1,0,0
242,1,3,1,-0.08613809053381893,0.8102200324595066,0.0,-0.417526138004256,0,1,0
243,0,2,0,-0.003255759361429436,-0.6025119615158758,0.0,-0.661784506956406,0,0,1
244,0,3,0,-0.5834320775681558,-0.6025119615158758,0.0,-0.8266589059991073,0,0,1
245,0,3,0,0.07962657181096006,-0.6025119615158758,0.0,-0.8217737386200644,1,0,0
246,0,1,0,1.239979208224413,2.222952026434889,0.0,2.0316232164746784,0,1,0
247,0,3,1,-0.3347850840509874,-0.6025119615158758,0.0,-0.7949053180353277,0,0,1
248,1,2,1,-0.4176674152233769,-0.6025119615158758,0.0,-0.466377811794686,0,0,1
249,1,1,0,0.6598028900176865,0.8102200324595066,0.0,1.3926335529610958,0,0,1
250,0,2,0,2.0688025199483078,0.8102200324595066,0.0,0.0954164367952591,0,0,1
251,0,3,0,-0.08613809053381893,-0.6025119615158758,0.0,-0.8205524467753036,0,0,1
252,0,3,1,-0.003255759361429436,0.8102200324595066,0.0,-0.6636164447235471,0,0,1
253,0,1,0,2.1102436855345026,-0.6025119615158758,0.0,0.12228485737999564,0,0,1
254,0,3,0,0.07962657181096006,0.8102200324595066,0.0,-0.3882151337299979,0,0,1
255,0,3,1,0.9913322147072445,-0.6025119615158758,0.0,-0.18731262526685463,0,0,1
256,1,3,1,-0.003255759361429436,-0.6025119615158758,0.0,-0.42994423348178334,1,0,0
257,1,1,1,-0.08613809053381893,-0.6025119615158758,0.0,2.0316232164746784,1,0,0
258,1,1,1,0.07962657181096006,-0.6025119615158758,0.0,2.0316232164746784,0,0,1
259,1,1,1,0.4940382276729075,-0.6025119615158758,0.0,2.0316232164746784,1,0,0
260,1,2,1,1.73727319525875,-0.6025119615158758,0.0,0.0954164367952591,0,0,1
261,0,3,0,-0.08613809053381893,-0.6025119615158758,0.0,-0.7961266098800885,0,1,0
262,1,3,0,-2.1581963698435565,2.9293180234225806,0.0,0.35860482934120075,0,0,1
263,0,1,0,1.903037857603529,0.8102200324595066,0.0,2.0316232164746784,0,0,1
264,0,1,0,0.908449883534855,-0.6025119615158758,0.0,-1.1747270817559212,0,0,1
265,0,3,1,-0.08613809053381893,-0.6025119615158758,0.0,-0.7961266098800885,0,1,0
266,0,2,0,0.576920558845297,-0.6025119615158758,0.0,-0.661784506956406,0,0,1
267,0,3,0,-1.0807260646024928,2.9293180234225806,0.0,0.7640737218017698,0,0,1
268,1,3,0,-0.3347850840509874,0.8102200324595066,0.0,-0.7949053180353277,0,0,1
269,1,1,1,2.1102436855345026,-0.6025119615158758,0.0,2.0316232164746784,0,0,1
270,1,1,1,0.4940382276729075,-0.6025119615158758,0.0,2.0316232164746784,0,0,1
271,0,1,0,-0.08613809053381893,-0.6025119615158758,0.0,0.33967480574740916,0,0,1
272,1,3,0,-0.3347850840509874,-0.6025119615158758,0.0,-1.1747270817559212,0,0,1
273,1,2,1,0.9913322147072445,-0.6025119615158758,0.0,-0.22211944284253596,0,0,1
274,0,1,0,0.6598028900176865,-0.6025119615158758,0.0,0.2761676298198501,1,0,0
275,1,3,1,-0.08613809053381893,-0.6025119615158758,0.0,-0.7961266098800885,0,1,0
276,1,1,1,2.1102436855345026,0.8102200324595066,0.0,2.0316232164746784,0,0,1
277,0,3,1,1.3228615393968024,-0.6025119615158758,0.0,-0.7961266098800885,0,0,1
278,0,2,0,-0.08613809053381893,-0.6025119615158758,0.0,-1.1747270817559212,0,0,1
279,0,3,0,-1.8266670451539984,2.9293180234225806,0.0,0.24807791739035287,0,1,0
280,1,3,1,0.4940382276729075,0.8102200324595066,0.0,-0.18548068749971344,0,0,1
281,0,3,0,2.1102436855345026,-0.6025119615158758,0.0,-0.7961266098800885,0,1,0
282,0,3,0,-0.08613809053381893,-0.6025119615158758,0.0,-0.7910362654711258,0,0,1
283,0,3,0,-1.0807260646024928,-0.6025119615158758,0.0,-0.710636180746836,0,0,1
284,1,3,0,-0.8320790710853244,-0.6025119615158758,0.0,-0.7814711077429595,0,0,1
285,0,1,0,-0.08613809053381893,-0.6025119615158758,0.0,0.0954164367952591,0,0,1
286,0,3,0,0.3282735653281285,-0.6025119615158758,0.0,-0.7515494575463212,1,0,0
287,1,3,0,0.07962657181096006,-0.6025119615158758,0.0,-0.710636180746836,0,0,1
288,0,3,0,-0.5834320775681558,-0.6025119615158758,0.0,-0.7890040358414437,0,0,1
289,1,2,0,1.074214545879634,-0.6025119615158758,0.0,-0.539655322480331,0,0,1
290,1,3,1,-0.5834320775681558,-0.6025119615158758,0.0,-0.7961266098800885,0,1,0
291,1,1,1,-0.2519027528785979,-0.6025119615158758,0.0,2.0316232164746784,0,0,1
292,1,1,1,-0.8320790710853244,0.8102200324595066,0.0,2.0316232164746784,1,0,0
293,0,2,0,0.576920558845297,-0.6025119615158758,0.0,-0.5457617817041348,1,0,0
294,0,3,1,-0.4176674152233769,-0.6025119615158758,0.0,-0.7423897687106156,0,0,1
295,0,3,0,-0.4176674152233769,-0.6025119615158758,0.0,-0.7890040358414437,0,0,1
296,0,1,0,-0.08613809053381893,-0.6025119615158758,0.0,0.1794803970538311,1,0,0
297,0,3,0,-0.4591085808095717,-0.6025119615158758,0.0,-0.8215685615901446,1,0,0
298,0,1,1,-2.199637535429751,0.8102200324595066,0.0,2.0316232164746784,0,0,1
299,1,1,0,-0.08613809053381893,-0.6025119615158758,0.0,0.3152489688521941,0,0,1
300,1,1,1,1.73727319525875,-0.6025119615158758,0.0,2.0316232164746784,1,0,0
301,1,3,1,-0.08613809053381893,-0.6025119615158758,0.0,-0.7961266098800885,0,1,0
302,1,3,0,-0.08613809053381893,2.222952026434889,0.0,-0.03892566612842342,0,1,0
303,0,3,0,-0.8320790710853244,-0.6025119615158758,0.0,-1.1747270817559212,0,0,1
304,1,2,1,-0.08613809053381893,-0.6025119615158758,0.0,-0.5714089104441106,0,1,0
305,0,3,0,-0.08613809053381893,-0.6025119615158758,0.0,-0.7814711077429595,0,0,1
306,1,1,0,-2.199637535429751,0.8102200324595066,0.0,2.0316232164746784,0,0,1
307,1,1,1,-0.08613809053381893,-0.6025119615158758,0.0,2.0316232164746784,1,0,0
308,1,1,1,-0.9978437334301034,0.8102200324595066,0.0,2.0316232164746784,1,0,0
309,0,2,0,0.07962657181096006,0.8102200324595066,0.0,-0.002286910785600916,1,0,0
310,1,1,1,0.07962657181096006,-0.6025119615158758,0.0,1.6063596257942268,1,0,0
311,1,1,1,-0.4176674152233769,-0.6025119615158758,0.0,2.0316232164746784,1,0,0
312,1,1,1,-0.9149614022577138,2.222952026434889,0.0,2.0316232164746784,1,0,0
313,0,2,1,-0.2519027528785979,0.8102200324595066,0.0,0.0954164367952591,0,0,1
314,0,3,0,-0.08613809053381893,-0.6025119615158758,0.0,-0.7890040358414437,0,0,1
315,0,2,0,1.1570968770520236,0.8102200324595066,0.0,0.1076293552428666,0,0,1
316,1,3,1,-0.2519027528785979,-0.6025119615158758,0.0,-0.7910362654711258,0,0,1
317,1,2,1,-0.4176674152233769,0.8102200324595066,0.0,0.0954164367952591,0,0,1
318,0,2,0,2.0688025199483078,-0.6025119615158758,0.0,-0.490803648689901,0,0,1
319,1,1,1,0.16250890298334955,-0.6025119615158758,0.0,2.0316232164746784,0,0,1
320,1,1,1,0.908449883534855,0.8102200324595066,0.0,2.0316232164746784,1,0,0
321,0,3,0,-0.5834320775681558,-0.6025119615158758,0.0,-0.8205524467753036,0,0,1
322,0,3,0,-0.16902042170620843,-0.6025119615158758,0.0,-0.7890040358414437,0,0,1
323,1,2,1,0.07962657181096006,-0.6025119615158758,0.0,-0.5714089104441106,0,1,0
324,1,2,1,-0.5834320775681558,0.8102200324595066,0.0,0.24197145816654914,0,0,1
325,0,3,0,-0.08613809053381893,2.9293180234225806,0.0,2.0316232164746784,0,0,1
326,1,1,1,0.576920558845297,-0.6025119615158758,0.0,2.0316232164746784,1,0,0
327,0,3,0,2.1102436855345026,-0.6025119615158758,0.0,-0.8700147664881139,0,0,1
328,1,2,1,0.576920558845297,-0.6025119615158758,0.0,-0.539655322480331,0,0,1
329,1,3,1,0.16250890298334955,0.8102200324595066,0.0,-0.17204647720734526,0,0,1
330,1,1,1,-1.0807260646024928,-0.6025119615158758,0.0,1.6576538832741783,1,0,0
331,1,3,1,-0.08613809053381893,2.222952026434889,0.0,-0.03892566612842342,0,1,0
332,0,1,0,1.3643027049829972,-0.6025119615158758,0.0,0.21754562127133412,0,0,1
333,0,1,0,0.742685221190076,-0.6025119615158758,0.0,2.0316232164746784,0,0,1
334,0,3,0,-1.0807260646024928,2.222952026434889,0.0,-0.29539695352818096,0,0,1
335,1,1,1,-0.08613809053381893,0.8102200324595066,0.0,2.0316232164746784,0,0,1
336,0,3,0,-0.08613809053381893,-0.6025119615158758,0.0,-0.7890040358414437,0,0,1
337,0,1,0,-0.003255759361429436,0.8102200324595066,0.0,2.0316232164746784,0,0,1
338,1,1,1,0.9913322147072445,-0.6025119615158758,0.0,2.0316232164746784,1,0,0
339,1,3,0,1.3228615393968024,-0.6025119615158758,0.0,-0.7814711077429595,0,0,1
340,0,1,0,1.3228615393968024,-0.6025119615158758,0.0,0.5595073378043441,0,0,1
341,1,2,0,-2.199637535429751,0.8102200324595066,0.0,0.0954164367952591,0,0,1
342,1,1,1,-0.4176674152233769,2.9293180234225806,0.0,2.0316232164746784,0,0,1
343,0,2,0,-0.08613809053381893,-0.6025119615158758,0.0,-0.539655322480331,0,0,1
344,0,2,0,-0.3347850840509874,-0.6025119615158758,0.0,-0.539655322480331,0,0,1
345,0,2,0,0.576920558845297,-0.6025119615158758,0.0,-0.539655322480331,0,0,1
346,1,2,1,-0.4176674152233769,-0.6025119615158758,0.0,-0.539655322480331,0,0,1
347,1,2,1,0.908449883534855,-0.6025119615158758,0.0,-0.539655322480331,0,0,1
348,1,3,1,-0.08613809053381893,0.8102200324595066,0.0,-0.3882151337299979,0,0,1
349,1,3,0,-2.1581963698435565,0.8102200324595066,0.0,-0.39798546848808397,0,0,1
350,0,3,0,1.074214545879634,-0.6025119615158758,0.0,-0.7515494575463212,0,0,1
351,0,3,0,-0.5005497463957664,-0.6025119615158758,0.0,-0.7240703910392043,0,0,1
352,0,1,0,-0.08613809053381893,-0.6025119615158758,0.0,0.5350815009091292,0,0,1
353,0,3,0,-1.1636083957748824,0.8102200324595066,0.0,-0.8215685615901446,1,0,0
354,0,3,0,-0.3347850840509874,0.8102200324595066,0.0,-0.30516728828626694,0,0,1
355,0,3,0,-0.08613809053381893,-0.6025119615158758,0.0,-0.8217737386200644,1,0,0
356,0,3,0,-0.08613809053381893,-0.6025119615158758,0.0,-0.710636180746836,0,0,1
357,1,1,1,-0.5834320775681558,-0.6025119615158758,0.0,1.5121149767177293,0,0,1
358,0,2,1,0.742685221190076,-0.6025119615158758,0.0,-0.539655322480331,0,0,1
359,1,3,1,-0.08613809053381893,-0.6025119615158758,0.0,-0.789814973626365,0,1,0
360,1,3,1,-0.08613809053381893,-0.6025119615158758,0.0,-0.789814973626365,0,1,0
361,0,3,0,0.908449883534855,0.8102200324595066,0.0,0.18823461699707605,0,0,1
362,0,2,0,-0.003255759361429436,0.8102200324595066,0.0,0.1794803970538311,1,0,0
363,0,3,1,1.3228615393968024,-0.6025119615158758,0.0,-0.46861521845428766,1,0,0
364,0,3,0,0.4940382276729075,-0.6025119615158758,0.0,-0.8303227815333896,0,0,1
365,0,3,0,-0.08613809053381893,0.8102200324595066,0.0,-0.417526138004256,0,1,0
366,0,3,0,0.07962657181096006,-0.6025119615158758,0.0,-0.8205524467753036,0,0,1
367,1,1,1,2.1102436855345026,0.8102200324595066,0.0,2.0316232164746784,1,0,0
368,1,3,1,-0.08613809053381893,-0.6025119615158758,0.0,-0.8215685615901446,1,0,0
369,1,3,1,-0.08613809053381893,-0.6025119615158758,0.0,-0.7961266098800885,0,1,0
370,1,1,1,-0.4176674152233769,-0.6025119615158758,0.0,2.0316232164746784,1,0,0
371,1,1,0,-0.3347850840509874,0.8102200324595066,0.0,1.533692761030962,1,0,0
372,0,3,0,-0.9149614022577138,0.8102200324595066,0.0,-0.8573963791480459,0,0,1
373,0,3,0,-0.8320790710853244,-0.6025119615158758,0.0,-0.7814711077429595,0,0,1
374,0,1,0,-0.5834320775681558,-0.6025119615158758,0.0,2.0316232164746784,1,0,0
375,0,3,1,-2.1581963698435565,2.9293180234225806,0.0,-0.14517805662260871,0,0,1
376,1,1,1,-0.08613809053381893,0.8102200324595066,0.0,2.0316232164746784,1,0,0
377,1,3,1,-0.5834320775681558,-0.6025119615158758,0.0,-0.8205524467753036,0,0,1
378,0,1,0,-0.16902042170620843,-0.6025119615158758,0.0,2.0316232164746784,1,0,0
379,0,3,0,-0.7491967399129349,-0.6025119615158758,0.0,-0.9787097406718207,1,0,0
380,0,3,0,-0.8320790710853244,-0.6025119615158758,0.0,-0.7949053180353277,0,0,1
381,1,1,1,1.074214545879634,-0.6025119615158758,0.0,2.0316232164746784,1,0,0
382,1,3,1,-2.199637535429751,-0.6025119615158758,0.0,-0.4057186884491091,1,0,0
383,0,3,0,0.24539123415573905,-0.6025119615158758,0.0,-0.7875775669667633,0,0,1
384,1,1,1,0.4940382276729075,0.8102200324595066,0.0,1.3655599553464393,0,0,1
385,0,3,0,-0.08613809053381893,-0.6025119615158758,0.0,-0.7890040358414437,0,0,1
386,0,2,0,-0.9149614022577138,-0.6025119615158758,0.0,2.0316232164746784,0,0,1
387,0,3,0,-2.199637535429751,2.9293180234225806,0.0,1.1164164190152461,0,0,1
388,1,2,1,0.576920558845297,-0.6025119615158758,0.0,-0.539655322480331,0,0,1
389,0,3,0,-0.08613809053381893,-0.6025119615158758,0.0,-0.7971427246949295,0,1,0
390,1,2,1,-0.9978437334301034,-0.6025119615158758,0.0,-0.588506996270761,1,0,0
391,1,1,0,0.576920558845297,0.8102200324595066,0.0,2.0316232164746784,0,0,1
392,1,3,0,-0.6663144087405454,-0.6025119615158758,0.0,-0.7938892032204868,0,0,1
393,0,3,0,-0.08613809053381893,2.222952026434889,0.0,-0.7875775669667633,0,0,1
394,1,1,1,-0.5005497463957664,0.8102200324595066,0.0,2.0316232164746784,1,0,0
395,1,3,1,-0.4176674152233769,-0.6025119615158758,0.0,-0.35890412945574,0,0,1
396,0,3,0,-0.5834320775681558,-0.6025119615158758,0.0,-0.7938892032204868,0,0,1
397,0,3,1,0.16250890298334955,-0.6025119615158758,0.0,-0.7910362654711258,0,0,1
398,0,2,0,1.405743870569192,-0.6025119615158758,0.0,0.0954164367952591,0,0,1
399,0,2,0,-0.5005497463957664,-0.6025119615158758,0.0,-0.661784506956406,0,0,1
400,1,2,1,-0.08613809053381893,-0.6025119615158758,0.0,-0.5567534083069815,0,0,1
401,1,3,0,0.8255675523624655,-0.6025119615158758,0.0,-0.7875775669667633,0,0,1
402,0,3,0,-0.2519027528785979,-0.6025119615158758,0.0,-0.7814711077429595,0,0,1
403,0,3,1,-0.6663144087405454,0.8102200324595066,0.0,-0.6947593867649463,0,0,1
404,0,3,0,-0.08613809053381893,0.8102200324595066,0.0,-0.4004280521776055,0,0,1
405,0,3,1,-0.7491967399129349,-0.6025119615158758,0.0,-0.7515494575463212,0,0,1
406,0,2,0,0.41115589650051804,0.8102200324595066,0.0,-0.14884193215689093,0,0,1
407,0,3,0,1.8201555264311393,-0.6025119615158758,0.0,-0.7961266098800885,0,0,1
408,1,2,0,-2.1581963698435565,0.8102200324595066,0.0,-0.25875819818535845,0,0,1
409,0,3,0,-0.6663144087405454,-0.6025119615158758,0.0,-0.7949053180353277,0,0,1
410,0,3,1,-0.08613809053381893,2.9293180234225806,0.0,0.06936383916282275,0,0,1
411,0,3,0,-0.08613809053381893,-0.6025119615158758,0.0,-0.7890040358414437,0,0,1
412,0,3,0,-0.08613809053381893,-0.6025119615158758,0.0,-0.839687647399015,0,1,0
413,1,1,1,0.3282735653281285,0.8102200324595066,0.0,2.0316232164746784,0,1,0
414,0,2,0,-0.08613809053381893,-0.6025119615158758,0.0,-1.1747270817559212,0,0,1
415,1,3,0,1.239979208224413,-0.6025119615158758,0.0,-0.7875775669667633,0,0,1
416,0,3,1,-0.08613809053381893,-0.6025119615158758,0.0,-0.7814711077429595,0,0,1
417,1,2,1,0.41115589650051804,0.8102200324595066,0.0,0.41295231643305413,0,0,1
418,1,2,1,-0.9149614022577138,-0.6025119615158758,0.0,-0.539655322480331,0,0,1
419,0,2,0,0.07962657181096006,-0.6025119615158758,0.0,-0.539655322480331,0,0,1
420,0,3,1,-1.57802005163683,-0.6025119615158758,0.0,0.005040840282963516,0,0,1
421,0,3,0,-0.08613809053381893,-0.6025119615158758,0.0,-0.7890040358414437,1,0,0
422,0,3,0,-0.6663144087405454,-0.6025119615158758,0.0,-0.7969424328323887,0,1,0
423,0,3,0,-0.003255759361429436,-0.6025119615158758,0.0,-0.7900201506562848,0,0,1
424,0,3,1,-0.08613809053381893,0.8102200324595066,0.0,-0.471262979173729,0,0,1
425,0,3,0,-0.9149614022577138,0.8102200324595066,0.0,-0.18731262526685463,0,0,1
426,0,3,0,-0.08613809053381893,-0.6025119615158758,0.0,-0.8205524467753036,0,0,1
427,1,2,1,-0.08613809053381893,0.8102200324595066,0.0,0.0954164367952591,0,0,1
428,1,2,1,-0.8320790710853244,-0.6025119615158758,0.0,0.0954164367952591,0,0,1
429,0,3,0,-0.08613809053381893,-0.6025119615158758,0.0,-0.7961266098800885,0,1,0
430,1,3,0,0.24539123415573905,-0.6025119615158758,0.0,-0.7814711077429595,0,0,1
431,1,1,0,-0.08613809053381893,-0.6025119615158758,0.0,0.12228485737999564,0,0,1
432,1,3,1,-0.08613809053381893,0.8102200324595066,0.0,-0.3882151337299979,0,0,1
433,1,2,1,1.074214545879634,0.8102200324595066,0.0,0.0954164367952591,0,0,1
434,0,3,0,-0.9978437334301034,-0.6025119615158758,0.0,-0.8266589059991073,0,0,1
435,0,1,0,1.73727319525875,0.8102200324595066,0.0,1.5560814831291163,0,0,1
436,1,1,1,-1.2464907269472718,0.8102200324595066,0.0,2.0316232164746784,0,0,1
437,0,3,1,-0.6663144087405454,2.222952026434889,0.0,0.5045492047901105,0,0,1
438,1,2,1,-0.4176674152233769,2.222952026434889,0.0,-0.25875819818535845,0,0,1
439,0,1,0,2.1102436855345026,0.8102200324595066,0.0,2.0316232164746784,0,0,1
440,0,2,0,0.16250890298334955,-0.6025119615158758,0.0,-0.661784506956406,0,0,1
441,1,2,1,1.3228615393968024,0.8102200324595066,0.0,0.1076293552428666,0,0,1
442,0,3,0,-0.7491967399129349,-0.6025119615158758,0.0,-0.710636180746836,0,0,1
443,0,3,0,-0.3347850840509874,0.8102200324595066,0.0,-0.7949053180353277,0,0,1
444,1,2,1,-0.08613809053381893,-0.6025119615158758,0.0,-0.539655322480331,0,0,1
445,1,3,0,-0.08613809053381893,-0.6025119615158758,0.0,-0.7784178781310577,0,0,1
446,1,1,0,-2.075314038671167,-0.6025119615158758,0.0,2.0316232164746784,0,0,1
447,1,2,1,-1.3293730581196614,-0.6025119615158758,0.0,-0.22211944284253596,0,0,1
448,1,1,0,0.41115589650051804,-0.6025119615158758,0.0,0.12228485737999564,0,0,1
449,1,3,1,-1.9924317074987772,2.222952026434889,0.0,-0.23392689239768297,1,0,0
450,1,1,0,1.903037857603529,-0.6025119615158758,0.0,0.3152489688521941,0,0,1
451,0,2,0,0.576920558845297,0.8102200324595066,0.0,0.18090686592851163,0,0,1
452,0,3,0,-0.08613809053381893,0.8102200324595066,0.0,-0.19932036668454228,0,0,1
453,0,1,0,0.07962657181096006,-0.6025119615158758,0.0,0.18090686592851163,1,0,0
454,1,1,0,1.6543908640863605,0.8102200324595066,0.0,2.0316232164746784,1,0,0
455,0,3,0,-0.08613809053381893,-0.6025119615158758,0.0,-0.7814711077429595,0,0,1
456,1,3,0,-0.003255759361429436,-0.6025119615158758,0.0,-0.7890040358414437,1,0,0
457,0,1,0,2.1102436855345026,-0.6025119615158758,0.0,0.12228485737999564,0,0,1
458,1,1,1,-0.08613809053381893,0.8102200324595066,0.0,1.358842850200255,0,0,1
459,1,2,1,1.73727319525875,-0.6025119615158758,0.0,-0.661784506956406,0,0,1
460,0,3,0,-0.08613809053381893,-0.6025119615158758,0.0,-0.7961266098800885,0,1,0
461,1,1,0,1.5715085329139709,-0.6025119615158758,0.0,0.12228485737999564,0,0,1
462,0,3,0,0.41115589650051804,-0.6025119615158758,0.0,-0.7814711077429595,0,0,1
463,0,1,0,1.4886262017415814,-0.6025119615158758,0.0,0.7060623591756342,0,0,1
464,0,2,0,1.5715085329139709,-0.6025119615158758,0.0,-0.539655322480331,0,0,1
465,0,3,0,-0.08613809053381893,-0.6025119615158758,0.0,-0.7814711077429595,0,0,1
466,0,3,0,0.742685221190076,-0.6025119615158758,0.0,-0.8303227815333896,0,0,1
467,0,2,0,-0.08613809053381893,-0.6025119615158758,0.0,-1.1747270817559212,0,0,1
468,0,1,0,2.1102436855345026,-0.6025119615158758,0.0,0.12228485737999564,0,0,1
469,0,3,0,-0.08613809053381893,-0.6025119615158758,0.0,-0.7973479017248494,0,1,0
470,1,3,1,-2.199637535429751,2.222952026434889,0.0,-0.23392689239768297,1,0,0
471,0,3,0,-0.08613809053381893,-0.6025119615158758,0.0,-0.8205524467753036,0,0,1
472,0,3,0,0.742685221190076,-0.6025119615158758,0.0,-0.7515494575463212,0,0,1
473,1,2,1,0.3282735653281285,0.8102200324595066,0.0,0.18090686592851163,0,0,1
474,1,2,1,-0.5005497463957664,-0.6025119615158758,0.0,-0.5009794523404475,1,0,0
475,0,3,1,-0.5834320775681558,-0.6025119615158758,0.0,-0.6941487408425658,0,0,1
476,0,1,0,-0.08613809053381893,-0.6025119615158758,0.0,1.3655599553464393,0,0,1
477,0,2,0,0.41115589650051804,0.8102200324595066,0.0,-0.14884193215689093,0,0,1
478,0,3,0,-0.003255759361429436,0.8102200324595066,0.0,-0.8305279585633094,0,0,1
479,0,3,0,-0.5834320775681558,-0.6025119615158758,0.0,-0.8073234135128551,0,0,1
480,1,3,1,-2.199637535429751,-0.6025119615158758,0.0,-0.5744621400560124,0,0,1
481,0,3,0,-1.6609023828092193,2.9293180234225806,0.0,1.1164164190152461,0,0,1
482,0,2,0,-0.08613809053381893,-0.6025119615158758,0.0,-1.1747270817559212,0,0,1
483,0,3,0,1.73727319525875,-0.6025119615158758,0.0,-0.7814711077429595,0,0,1
484,1,3,1,2.1102436855345026,-0.6025119615158758,0.0,-0.7063616592901734,0,0,1
485,1,1,0,-0.3347850840509874,0.8102200324595066,0.0,2.0316232164746784,1,0,0
486,0,3,1,-0.08613809053381893,2.9293180234225806,0.0,0.06936383916282275,0,0,1
487,1,1,1,0.4940382276729075,0.8102200324595066,0.0,2.0316232164746784,0,0,1
488,0,1,0,2.1102436855345026,-0.6025119615158758,0.0,0.2761676298198501,1,0,0
489,0,3,0,0.07962657181096006,-0.6025119615158758,0.0,-0.7814711077429595,0,0,1
490,1,3,0,-1.6609023828092193,0.8102200324595066,0.0,-0.39798546848808397,0,0,1
491,0,3,0,-0.08613809053381893,0.8102200324595066,0.0,-0.19932036668454228,0,0,1
492,0,3,0,-0.6663144087405454,-0.6025119615158758,0.0,-0.8205524467753036,0,0,1
493,0,1,0,2.1102436855345026,-0.6025119615158758,0.0,0.3152489688521941,0,0,1
494,0,1,0,2.1102436855345026,-0.6025119615158758,0.0,1.2436359479002839,1,0,0
495,0,3,0,-0.6663144087405454,-0.6025119615158758,0.0,-0.7814711077429595,0,0,1
496,0,3,0,-0.08613809053381893,-0.6025119615158758,0.0,-0.46841492659174694,1,0,0
497,1,1,1,2.0688025199483078,0.8102200324595066,0.0,2.0316232164746784,1,0,0
498,0,3,0,-0.08613809053381893,-0.6025119615158758,0.0,-0.437066807520428,0,0,1
499,0,1,1,-0.3347850840509874,0.8102200324595066,0.0,2.0316232164746784,0,0,1
500,0,3,0,-0.4176674152233769,-0.6025119615158758,0.0,-0.7938892032204868,0,0,1
501,0,3,0,-0.9978437334301034,-0.6025119615158758,0.0,-0.7515494575463212,0,0,1
502,0,3,1,-0.6663144087405454,-0.6025119615158758,0.0,-0.7961266098800885,0,1,0
503,0,3,1,-0.08613809053381893,-0.6025119615158758,0.0,-0.8020278920739724,0,1,0
504,0,3,1,0.6598028900176865,-0.6025119615158758,0.0,-0.7063616592901734,0,0,1
505,1,1,1,-1.0807260646024928,-0.6025119615158758,0.0,2.0316232164746784,0,0,1
506,0,1,0,-0.9149614022577138,0.8102200324595066,0.0,2.0316232164746784,1,0,0
507,1,2,1,0.3282735653281285,-0.6025119615158758,0.0,0.0954164367952591,0,0,1
508,1,1,0,-0.08613809053381893,-0.6025119615158758,0.0,0.12228485737999564,0,0,1
509,0,3,0,-0.08613809053381893,-0.6025119615158758,0.0,-0.07434312962648525,0,0,1
510,1,3,0,-0.2519027528785979,-0.6025119615158758,0.0,1.5851873103734548,0,0,1
511,1,3,0,-0.003255759361429436,-0.6025119615158758,0.0,-0.7961266098800885,0,1,0
512,0,3,0,-0.08613809053381893,-0.6025119615158758,0.0,-0.7814711077429595,0,0,1
513,1,1,0,0.576920558845297,-0.6025119615158758,0.0,0.1094612930100078,0,0,1
514,1,1,1,2.0688025199483078,0.8102200324595066,0.0,1.7270623413956212,1,0,0
515,0,3,0,-0.4176674152233769,-0.6025119615158758,0.0,-0.8085447053576159,0,0,1
516,0,1,0,1.4886262017415814,-0.6025119615158758,0.0,0.48724594193354015,0,0,1
517,1,2,1,0.41115589650051804,-0.6025119615158758,0.0,-0.661784506956406,0,0,1
518,0,3,0,-0.08613809053381893,-0.6025119615158758,0.0,0.005040840282963516,0,1,0
519,1,2,1,0.576920558845297,0.8102200324595066,0.0,0.0954164367952591,0,0,1
520,0,3,0,0.24539123415573905,-0.6025119615158758,0.0,-0.7890040358414437,0,0,1
521,1,1,1,0.07962657181096006,-0.6025119615158758,0.0,2.0316232164746784,0,0,1
522,0,3,0,-0.5834320775681558,-0.6025119615158758,0.0,-0.7890040358414437,0,0,1
523,0,3,0,-0.08613809053381893,-0.6025119615158758,0.0,-0.8217737386200644,1,0,0
524,1,1,1,1.239979208224413,-0.6025119615158758,0.0,1.6576538832741783,1,0,0
525,0,3,0,-0.08613809053381893,-0.6025119615158758,0.0,-0.8215685615901446,1,0,0
526,0,3,0,0.9498910491210497,-0.6025119615158758,0.0,-0.7961266098800885,0,1,0
527,1,2,1,1.73727319525875,-0.6025119615158758,0.0,-0.661784506956406,0,0,1
528,0,1,0,-0.08613809053381893,-0.6025119615158758,0.0,2.0316232164746784,0,0,1
529,0,3,0,0.8255675523624655,-0.6025119615158758,0.0,-0.7875775669667633,0,0,1
530,0,2,0,-0.5005497463957664,2.222952026434889,0.0,-0.612932833165976,0,0,1
531,1,2,1,-2.199637535429751,0.8102200324595066,0.0,0.0954164367952591,0,0,1
532,0,3,0,-0.08613809053381893,-0.6025119615158758,0.0,-0.8215685615901446,1,0,0
533,0,3,0,-0.9978437334301034,0.8102200324595066,0.0,-0.8215685615901446,1,0,0
534,1,3,1,-0.08613809053381893,-0.6025119615158758,0.0,-0.08248670364734986,1,0,0
535,0,3,1,0.07962657181096006,-0.6025119615158758,0.0,-0.7515494575463212,0,0,1
536,1,2,1,-1.8266670451539984,-0.6025119615158758,0.0,0.1076293552428666,0,0,1
537,0,1,0,1.3228615393968024,-0.6025119615158758,0.0,0.12228485737999564,0,0,1
538,1,1,1,0.07962657181096006,-0.6025119615158758,0.0,2.0316232164746784,1,0,0
539,0,3,0,-0.08613809053381893,-0.6025119615158758,0.0,-0.466377811794686,0,0,1
540,1,1,1,-0.5834320775681558,-0.6025119615158758,0.0,1.2434307708703642,1,0,0
541,1,1,1,0.576920558845297,-0.6025119615158758,0.0,2.0316232164746784,0,0,1
542,0,3,1,-1.6609023828092193,2.9293180234225806,0.0,0.35310901603977735,0,0,1
543,0,3,1,-1.4951377204644403,2.9293180234225806,0.0,0.35310901603977735,0,0,1
544,1,2,0,0.24539123415573905,0.8102200324595066,0.0,0.0954164367952591,0,0,1
545,0,1,0,1.73727319525875,0.8102200324595066,0.0,2.0316232164746784,1,0,0
546,0,1,0,2.1102436855345026,-0.6025119615158758,0.0,0.0954164367952591,0,0,1
547,1,2,1,-0.8320790710853244,0.8102200324595066,0.0,0.0954164367952591,0,0,1
548,1,2,0,-0.08613809053381893,-0.6025119615158758,0.0,-0.4975207538360851,1,0,0
549,0,3,0,0.3282735653281285,0.8102200324595066,0.0,-0.17204647720734526,0,0,1
550,1,2,0,-1.7437847139816087,0.8102200324595066,0.0,0.6205719300423816,0,0,1
551,1,1,0,-0.9978437334301034,-0.6025119615158758,0.0,2.0316232164746784,1,0,0
552,0,2,0,-0.16902042170620843,-0.6025119615158758,0.0,0.0954164367952591,0,0,1
553,0,3,0,-0.08613809053381893,-0.6025119615158758,0.0,-0.7922575573158865,0,1,0
554,1,3,0,-0.5834320775681558,-0.6025119615158758,0.0,-0.8217737386200644,1,0,0
555,1,3,1,-0.5834320775681558,-0.6025119615158758,0.0,-0.7949053180353277,0,0,1
556,0,1,0,2.1102436855345026,-0.6025119615158758,0.0,0.12228485737999564,0,0,1
557,1,1,1,1.5715085329139709,0.8102200324595066,0.0,0.7597992003451073,1,0,0
558,0,1,0,-0.08613809053381893,-0.6025119615158758,0.0,2.0316232164746784,1,0,0
559,1,1,1,0.8255675523624655,0.8102200324595066,0.0,2.0316232164746784,0,0,1
560,1,3,1,0.576920558845297,0.8102200324595066,0.0,-0.32470795780243905,0,0,1
561,0,3,0,-0.08613809053381893,-0.6025119615158758,0.0,-0.7961266098800885,0,1,0
562,0,3,0,0.908449883534855,-0.6025119615158758,0.0,-0.7890040358414437,0,0,1
563,0,2,0,-0.08613809053381893,-0.6025119615158758,0.0,-0.515229485585116,0,0,1
564,0,3,0,-0.08613809053381893,-0.6025119615158758,0.0,-0.7814711077429595,0,0,1
565,0,3,1,-0.08613809053381893,-0.6025119615158758,0.0,-0.7814711077429595,0,0,1
566,0,3,0,-0.4176674152233769,2.222952026434889,0.0,0.005040840282963516,0,0,1
567,0,3,0,-0.8320790710853244,-0.6025119615158758,0.0,-0.7890040358414437,0,0,1
568,0,3,1,-0.003255759361429436,-0.6025119615158758,0.0,-0.14517805662260871,0,0,1
569,0,3,0,-0.08613809053381893,-0.6025119615158758,0.0,-0.8215685615901446,1,0,0
570,1,3,0,0.24539123415573905,-0.6025119615158758,0.0,-0.7910362654711258,0,0,1
571,1,2,0,2.1102436855345026,-0.6025119615158758,0.0,-0.661784506956406,0,0,1
572,1,1,1,1.9859201887759184,2.222952026434889,0.0,1.3401180036363833,0,0,1
573,1,1,0,0.576920558845297,-0.6025119615158758,0.0,0.11434646038905069,0,0,1
574,1,3,1,-0.08613809053381893,-0.6025119615158758,0.0,-0.7961266098800885,0,1,0
575,0,3,0,-1.0807260646024928,-0.6025119615158758,0.0,-0.7814711077429595,0,0,1
576,0,3,0,-0.8320790710853244,-0.6025119615158758,0.0,-0.466377811794686,0,0,1
577,1,2,1,0.41115589650051804,-0.6025119615158758,0.0,-0.539655322480331,0,0,1
578,1,1,1,0.8255675523624655,0.8102200324595066,0.0,1.5560814831291163,0,0,1
579,0,3,1,-0.08613809053381893,0.8102200324595066,0.0,-0.46841492659174694,1,0,0
580,1,3,0,0.24539123415573905,-0.6025119615158758,0.0,-0.7875775669667633,0,0,1
581,1,2,1,-0.3347850840509874,0.8102200324595066,0.0,0.2908231319569791,0,0,1
582,1,1,1,0.8255675523624655,0.8102200324595066,0.0,2.0316232164746784,1,0,0
583,0,2,0,2.0688025199483078,-0.6025119615158758,0.0,0.0954164367952591,0,0,1
584,0,1,0,0.576920558845297,-0.6025119615158758,0.0,0.7854463290850829,1,0,0
585,0,3,0,-0.08613809053381893,-0.6025119615158758,0.0,-0.7491068738567996,1,0,0
586,1,1,1,-0.9149614022577138,-0.6025119615158758,0.0,2.0316232164746784,0,0,1
587,0,2,0,1.4886262017415814,-0.6025119615158758,0.0,-0.44195197489947097,0,0,1
588,1,1,0,2.1102436855345026,0.8102200324595066,0.0,2.0316232164746784,1,0,0
589,0,3,0,-0.5834320775681558,-0.6025119615158758,0.0,-0.7814711077429595,0,0,1
590,0,3,0,-0.08613809053381893,-0.6025119615158758,0.0,-0.7814711077429595,0,0,1
591,0,3,0,0.4940382276729075,-0.6025119615158758,0.0,-0.8266589059991073,0,0,1
592,1,1,1,1.903037857603529,0.8102200324595066,0.0,2.0316232164746784,1,0,0
593,0,3,0,1.4886262017415814,-0.6025119615158758,0.0,-0.8205524467753036,0,0,1
594,0,3,1,-0.08613809053381893,-0.6025119615158758,0.0,-0.7961266098800885,0,1,0
595,0,2,0,0.6598028900176865,0.8102200324595066,0.0,0.0954164367952591,0,0,1
596,0,3,0,0.576920558845297,0.8102200324595066,0.0,0.005040840282963516,0,0,1
597,1,2,1,-0.08613809053381893,-0.6025119615158758,0.0,0.4373781533282692,0,0,1
598,0,3,0,1.6543908640863605,-0.6025119615158758,0.0,-1.1747270817559212,0,0,1
599,0,3,0,-0.08613809053381893,-0.6025119615158758,0.0,-0.8217737386200644,1,0,0
600,1,1,0,1.6543908640863605,0.8102200324595066,0.0,1.6063596257942268,1,0,0
601,1,2,1,-0.4176674152233769,2.222952026434889,0.0,0.1442681105856891,0,0,1
602,0,3,0,-0.08613809053381893,-0.6025119615158758,0.0,-0.7890040358414437,0,0,1
603,0,1,0,-0.08613809053381893,-0.6025119615158758,0.0,0.8965838869583111,0,0,1
604,0,3,0,1.239979208224413,-0.6025119615158758,0.0,-0.7814711077429595,0,0,1
605,1,1,0,0.4940382276729075,-0.6025119615158758,0.0,0.12228485737999564,1,0,0
606,0,3,0,0.576920558845297,0.8102200324595066,0.0,-0.4150835543147344,0,0,1
607,0,3,0,0.07962657181096006,-0.6025119615158758,0.0,-0.7890040358414437,0,0,1
608,1,1,0,-0.16902042170620843,-0.6025119615158758,0.0,0.3152489688521941,0,0,1
609,1,2,1,-0.5834320775681558,0.8102200324595066,0.0,0.8564864331111263,1,0,0
610,1,1,1,0.908449883534855,-0.6025119615158758,0.0,2.0316232164746784,0,0,1
611,0,3,1,0.8255675523624655,0.8102200324595066,0.0,0.35310901603977735,0,0,1
612,0,3,0,-0.08613809053381893,-0.6025119615158758,0.0,-0.8303227815333896,0,0,1
613,1,3,1,-0.08613809053381893,0.8102200324595066,0.0,-0.417526138004256,0,1,0
614,0,3,0,-0.08613809053381893,-0.6025119615158758,0.0,-0.7961266098800885,0,1,0
615,0,3,0,0.4940382276729075,-0.6025119615158758,0.0,-0.7814711077429595,0,0,1
616,1,2,1,-0.4176674152233769,0.8102200324595066,0.0,2.0006317146220294,0,0,1
617,0,3,0,0.41115589650051804,0.8102200324595066,0.0,-0.471262979173729,0,0,1
618,0,3,1,-0.2519027528785979,0.8102200324595066,0.0,-0.3882151337299979,0,0,1
619,1,2,1,-2.075314038671167,2.222952026434889,0.0,0.7304881960708492,0,0,1
620,0,2,0,-0.2519027528785979,-0.6025119615158758,0.0,-0.661784506956406,0,0,1
621,0,3,0,-0.16902042170620843,0.8102200324595066,0.0,-0.46861521845428766,1,0,0
622,1,1,0,1.074214545879634,0.8102200324595066,0.0,1.3926335529610958,0,0,1
623,1,3,0,-0.7491967399129349,0.8102200324595066,0.0,-0.4057186884491091,1,0,0
624,0,3,0,-0.6663144087405454,-0.6025119615158758,0.0,-0.7910362654711258,0,0,1
625,0,3,0,-0.6663144087405454,-0.6025119615158758,0.0,-0.3882151337299979,0,0,1
626,0,1,0,2.1102436855345026,-0.6025119615158758,0.0,0.40419809648980903,0,0,1
627,0,2,0,2.1102436855345026,-0.6025119615158758,0.0,-0.5714089104441106,0,1,0
628,1,1,1,-0.6663144087405454,-0.6025119615158758,0.0,2.0316232164746784,0,0,1
629,0,3,0,-0.2519027528785979,-0.6025119615158758,0.0,-0.7890040358414437,0,0,1
630,0,3,0,-0.08613809053381893,-0.6025119615158758,0.0,-0.7969424328323887,0,1,0
631,1,1,0,2.1102436855345026,-0.6025119615158758,0.0,0.2908231319569791,0,0,1
632,0,3,0,1.8201555264311393,-0.6025119615158758,0.0,-0.8301176045034698,0,0,1
633,1,1,0,0.24539123415573905,-0.6025119615158758,0.0,0.3152489688521941,1,0,0
634,0,1,0,-0.08613809053381893,-0.6025119615158758,0.0,-1.1747270817559212,0,0,1
635,0,3,1,-1.6609023828092193,2.9293180234225806,0.0,0.18823461699707605,0,0,1
636,1,2,1,-0.08613809053381893,-0.6025119615158758,0.0,-0.539655322480331,0,0,1
637,0,3,0,0.24539123415573905,-0.6025119615158758,0.0,-0.7875775669667633,0,0,1
638,0,2,0,0.16250890298334955,0.8102200324595066,0.0,0.1076293552428666,0,0,1
639,0,3,1,0.9913322147072445,-0.6025119615158758,0.0,0.7640737218017698,0,0,1
640,0,3,0,-0.08613809053381893,0.8102200324595066,0.0,-0.3882151337299979,0,0,1
641,0,3,0,-0.7491967399129349,-0.6025119615158758,0.0,-0.7910362654711258,0,0,1
642,1,1,1,-0.4176674152233769,-0.6025119615158758,0.0,2.0316232164746784,1,0,0
643,0,3,1,-2.199637535429751,2.9293180234225806,0.0,0.18823461699707605,0,0,1
644,1,3,0,-0.08613809053381893,-0.6025119615158758,0.0,1.5851873103734548,0,0,1
645,1,3,1,-2.199637535429751,2.222952026434889,0.0,-0.23392689239768297,1,0,0
646,1,1,0,1.5715085329139709,0.8102200324595066,0.0,2.0316232164746784,1,0,0
647,0,3,0,-0.8320790710853244,-0.6025119615158758,0.0,-0.7890040358414437,0,0,1
648,1,1,0,2.1102436855345026,-0.6025119615158758,0.0,0.5595073378043441,1,0,0
649,0,3,0,-0.08613809053381893,-0.6025119615158758,0.0,-0.8058969446381745,0,0,1
650,1,3,1,-0.5005497463957664,-0.6025119615158758,0.0,-0.8058969446381745,0,0,1
651,0,3,0,-0.08613809053381893,-0.6025119615158758,0.0,-0.7890040358414437,0,0,1
652,1,2,1,-0.9149614022577138,-0.6025119615158758,0.0,-0.051138584576030925,0,0,1
653,0,3,0,-0.6663144087405454,-0.6025119615158758,0.0,-0.7627462611790877,0,0,1
654,1,3,1,-0.08613809053381893,-0.6025119615158758,0.0,-0.7922575573158865,0,1,0
655,0,3,1,-0.9149614022577138,-0.6025119615158758,0.0,-0.8449782836705185,0,1,0
656,0,2,0,-0.4176674152233769,2.222952026434889,0.0,2.0316232164746784,0,0,1
657,0,3,0,-0.08613809053381893,-0.6025119615158758,0.0,-0.7890040358414437,0,0,1
658,0,3,1,0.24539123415573905,0.8102200324595066,0.0,-0.417526138004256,0,1,0
659,0,2,0,-0.5005497463957664,-0.6025119615158758,0.0,-0.539655322480331,0,0,1
660,0,1,0,2.1102436855345026,-0.6025119615158758,0.0,2.0316232164746784,1,0,0
661,1,1,0,1.73727319525875,2.222952026434889,0.0,2.0316232164746784,0,0,1
662,0,3,0,0.908449883534855,-0.6025119615158758,0.0,-0.8217737386200644,1,0,0
663,0,1,0,1.4886262017415814,-0.6025119615158758,0.0,0.07526512135670665,0,0,1
664,0,3,0,0.576920558845297,-0.6025119615158758,0.0,-0.8085447053576159,0,0,1
665,1,3,0,-0.7491967399129349,0.8102200324595066,0.0,-0.7875775669667633,0,0,1
666,0,2,0,0.24539123415573905,2.222952026434889,0.0,2.0316232164746784,0,0,1
667,0,2,0,-0.3347850840509874,-0.6025119615158758,0.0,-0.539655322480331,0,0,1
668,0,3,0,-0.08613809053381893,-0.6025119615158758,0.0,-0.7949053180353277,0,0,1
669,0,3,0,1.1570968770520236,-0.6025119615158758,0.0,-0.7814711077429595,0,0,1
670,1,1,1,-0.08613809053381893,0.8102200324595066,0.0,1.3655599553464393,0,0,1
671,1,2,1,0.908449883534855,0.8102200324595066,0.0,0.7304881960708492,0,0,1
672,0,1,0,0.16250890298334955,0.8102200324595066,0.0,1.3655599553464393,0,0,1
673,0,2,0,2.1102436855345026,-0.6025119615158758,0.0,-0.661784506956406,0,0,1
674,1,2,0,0.16250890298334955,-0.6025119615158758,0.0,-0.539655322480331,0,0,1
675,0,2,0,-0.08613809053381893,-0.6025119615158758,0.0,-1.1747270817559212,0,0,1
676,0,3,0,-0.9149614022577138,-0.6025119615158758,0.0,-0.7949053180353277,0,0,1
677,0,3,0,-0.37622624963718215,-0.6025119615158758,0.0,-0.7814711077429595,0,0,1
678,1,3,1,-0.9149614022577138,-0.6025119615158758,0.0,-0.6939435638126461,0,0,1
679,0,3,1,1.1570968770520236,0.8102200324595066,0.0,1.1164164190152461,0,0,1
680,1,1,0,0.576920558845297,-0.6025119615158758,0.0,2.0316232164746784,1,0,0
681,0,3,1,-0.08613809053381893,-0.6025119615158758,0.0,-0.777196586286297,0,1,0
682,1,1,0,-0.16902042170620843,-0.6025119615158758,0.0,2.0316232164746784,1,0,0
683,0,3,0,-0.7491967399129349,-0.6025119615158758,0.0,-0.7240703910392043,0,0,1
684,0,3,0,-1.2464907269472718,2.9293180234225806,0.0,1.1164164190152461,0,0,1
685,0,2,0,2.1102436855345026,0.8102200324595066,0.0,0.7304881960708492,0,0,1
686,0,2,0,-0.3347850840509874,0.8102200324595066,0.0,0.8564864331111263,1,0,0
687,0,3,0,-1.2464907269472718,2.9293180234225806,0.0,0.7640737218017698,0,0,1
688,0,3,0,-0.8320790710853244,-0.6025119615158758,0.0,-0.6778664779682156,0,0,1
689,0,3,0,-0.9149614022577138,-0.6025119615158758,0.0,-0.7938892032204868,0,0,1
690,1,1,1,-1.1636083957748824,-0.6025119615158758,0.0,2.0316232164746784,0,0,1
691,1,1,0,0.16250890298334955,0.8102200324595066,0.0,1.6098183242985895,0,0,1
692,1,3,1,-2.075314038671167,-0.6025119615158758,0.0,-0.5192988300118588,1,0,0
693,1,3,0,-0.08613809053381893,-0.6025119615158758,0.0,1.5851873103734548,0,0,1
694,0,3,0,-0.3347850840509874,-0.6025119615158758,0.0,-0.8217737386200644,1,0,0
695,0,1,0,2.1102436855345026,-0.6025119615158758,0.0,0.12228485737999564,0,0,1
696,0,2,0,1.903037857603529,-0.6025119615158758,0.0,-0.515229485585116,0,0,1
697,0,3,0,1.239979208224413,-0.6025119615158758,0.0,-0.7814711077429595,0,0,1
698,1,3,1,-0.08613809053381893,-0.6025119615158758,0.0,-0.7969424328323887,0,1,0
699,0,1,0,1.6543908640863605,0.8102200324595066,0.0,2.0316232164746784,1,0,0
700,0,3,0,1.074214545879634,-0.6025119615158758,0.0,-0.8010117772591314,0,0,1
701,1,1,1,-0.9149614022577138,0.8102200324595066,0.0,2.0316232164746784,1,0,0
702,1,1,0,0.4940382276729075,-0.6025119615158758,0.0,0.1094612930100078,0,0,1
703,0,3,1,-0.9149614022577138,-0.6025119615158758,0.0,-0.46861521845428766,1,0,0
704,0,3,0,-0.3347850840509874,-0.6025119615158758,0.0,-0.7965320787725492,0,1,0
705,0,3,0,-0.2519027528785979,0.8102200324595066,0.0,-0.7910362654711258,0,0,1
706,0,2,0,0.8255675523624655,-0.6025119615158758,0.0,0.0954164367952591,0,0,1
707,1,2,1,1.3228615393968024,-0.6025119615158758,0.0,-0.515229485585116,0,0,1
708,1,1,0,1.074214545879634,-0.6025119615158758,0.0,0.1094612930100078,0,0,1
709,1,1,1,-0.5834320775681558,-0.6025119615158758,0.0,2.0316232164746784,0,0,1
710,1,3,0,-0.08613809053381893,0.8102200324595066,0.0,-0.42994423348178334,1,0,0
711,1,1,1,-0.4176674152233769,-0.6025119615158758,0.0,1.2436359479002839,1,0,0
712,0,1,0,-0.08613809053381893,-0.6025119615158758,0.0,0.12228485737999564,0,0,1
713,1,1,0,1.5715085329139709,0.8102200324595066,0.0,1.3655599553464393,0,0,1
714,0,3,0,-0.003255759361429436,-0.6025119615158758,0.0,-0.7114520036991362,0,0,1
715,0,2,0,1.903037857603529,-0.6025119615158758,0.0,-0.539655322480331,0,0,1
716,0,3,0,-0.8320790710853244,-0.6025119615158758,0.0,-0.8010117772591314,0,0,1
717,1,1,1,0.742685221190076,-0.6025119615158758,0.0,2.0316232164746784,1,0,0
718,1,2,1,-0.16902042170620843,-0.6025119615158758,0.0,-0.661784506956406,0,0,1
719,0,3,0,-0.08613809053381893,-0.6025119615158758,0.0,-0.417526138004256,0,1,0
720,0,3,0,0.3282735653281285,-0.6025119615158758,0.0,-0.7949053180353277,0,0,1
721,1,2,1,-1.9095493763263878,-0.6025119615158758,0.0,0.4373781533282692,0,0,1
722,0,3,0,-0.9978437334301034,0.8102200324595066,0.0,-0.8301176045034698,0,0,1
723,0,2,0,0.41115589650051804,-0.6025119615158758,0.0,-0.539655322480331,0,0,1
724,0,2,0,1.73727319525875,-0.6025119615158758,0.0,-0.539655322480331,0,0,1
725,1,1,0,-0.16902042170620843,0.8102200324595066,0.0,1.4192967965159125,0,0,1
726,0,3,0,-0.7491967399129349,-0.6025119615158758,0.0,-0.7515494575463212,0,0,1
727,1,2,1,0.07962657181096006,2.9293180234225806,0.0,-0.14884193215689093,0,0,1
728,1,3,1,-0.08613809053381893,-0.6025119615158758,0.0,-0.7967372558024689,0,1,0
729,0,2,0,-0.3347850840509874,0.8102200324595066,0.0,0.0954164367952591,0,0,1
730,0,3,1,-0.3347850840509874,0.8102200324595066,0.0,-0.7875775669667633,0,0,1
731,1,1,1,-0.003255759361429436,-0.6025119615158758,0.0,2.0316232164746784,0,0,1
732,0,3,0,-1.4951377204644403,-0.6025119615158758,0.0,-0.25692626041821726,1,0,0
733,0,2,0,-0.08613809053381893,-0.6025119615158758,0.0,-1.1747270817559212,0,0,1
734,0,2,0,-0.5005497463957664,-0.6025119615158758,0.0,-0.539655322480331,0,0,1
735,0,2,0,-0.5005497463957664,-0.6025119615158758,0.0,-0.539655322480331,0,0,1
736,0,3,0,-0.04469692494762418,-0.6025119615158758,0.0,-0.3882151337299979,0,0,1
737,0,3,1,1.5715085329139709,0.8102200324595066,0.0,0.5045492047901105,0,0,1
738,1,1,0,0.4940382276729075,-0.6025119615158758,0.0,2.0316232164746784,1,0,0
739,0,3,0,-0.08613809053381893,-0.6025119615158758,0.0,-0.7890040358414437,0,0,1
740,0,3,0,-0.08613809053381893,-0.6025119615158758,0.0,-0.7890040358414437,0,0,1
741,1,1,0,-0.08613809053381893,-0.6025119615158758,0.0,0.2908231319569791,0,0,1
742,0,1,0,0.576920558845297,0.8102200324595066,0.0,2.0316232164746784,0,0,1
743,1,1,1,-0.6663144087405454,2.222952026434889,0.0,2.0316232164746784,1,0,0
744,0,3,0,-0.4176674152233769,0.8102200324595066,0.0,-0.3882151337299979,0,0,1
745,1,3,0,0.16250890298334955,-0.6025119615158758,0.0,-0.7875775669667633,0,0,1
746,0,1,0,2.1102436855345026,0.8102200324595066,0.0,2.0316232164746784,0,0,1
747,0,3,0,-1.0807260646024928,0.8102200324595066,0.0,-0.18548068749971344,0,0,1
748,1,2,1,0.07962657181096006,-0.6025119615158758,0.0,-0.539655322480331,0,0,1
749,0,1,0,-0.8320790710853244,0.8102200324595066,0.0,1.4192967965159125,0,0,1
750,0,3,0,0.16250890298334955,-0.6025119615158758,0.0,-0.7961266098800885,0,1,0
751,1,2,1,-2.075314038671167,0.8102200324595066,0.0,-0.051138584576030925,0,0,1
752,1,3,0,-1.9095493763263878,-0.6025119615158758,0.0,-0.5653024512203068,0,0,1
753,0,3,0,0.3282735653281285,-0.6025119615158758,0.0,-0.710636180746836,0,0,1
754,0,3,0,-0.5005497463957664,-0.6025119615158758,0.0,-0.7890040358414437,0,0,1
755,1,2,1,1.5715085329139709,0.8102200324595066,0.0,2.0006317146220294,0,0,1
756,1,2,0,-2.199637535429751,0.8102200324595066,0.0,-0.466377811794686,0,0,1
757,0,3,0,-0.08613809053381893,-0.6025119615158758,0.0,-0.7938892032204868,0,0,1
758,0,2,0,-0.9149614022577138,-0.6025119615158758,0.0,-0.612932833165976,0,0,1
759,0,3,0,0.41115589650051804,-0.6025119615158758,0.0,-0.7814711077429595,0,0,1
760,1,1,1,0.3282735653281285,-0.6025119615158758,0.0,2.0316232164746784,0,0,1
761,0,3,0,-0.08613809053381893,-0.6025119615158758,0.0,-0.466377811794686,0,0,1
762,0,3,0,0.9913322147072445,-0.6025119615158758,0.0,-0.8266589059991073,0,0,1
763,1,3,0,-0.7491967399129349,-0.6025119615158758,0.0,-0.8215685615901446,1,0,0
764,1,1,1,0.576920558845297,0.8102200324595066,0.0,2.0316232164746784,0,0,1
765,0,3,0,-1.0807260646024928,-0.6025119615158758,0.0,-0.7949053180353277,0,0,1
766,1,1,1,1.8201555264311393,0.8102200324595066,0.0,2.0316232164746784,0,0,1
767,0,1,0,-0.08613809053381893,-0.6025119615158758,0.0,0.7597992003451073,1,0,0
768,0,3,1,0.1210677373971548,-0.6025119615158758,0.0,-0.7961266098800885,0,1,0
769,0,3,0,-0.08613809053381893,0.8102200324595066,0.0,0.005040840282963516,0,1,0
770,0,3,0,0.24539123415573905,-0.6025119615158758,0.0,-0.7662049596834501,0,0,1
771,0,3,0,-0.4176674152233769,-0.6025119615158758,0.0,-0.710636180746836,0,0,1
772,0,3,0,1.5715085329139709,-0.6025119615158758,0.0,-0.7910362654711258,0,0,1
773,0,2,1,2.1102436855345026,-0.6025119615158758,0.0,-0.661784506956406,0,0,1
774,0,3,0,-0.08613809053381893,-0.6025119615158758,0.0,-0.8217737386200644,1,0,0
775,1,2,1,2.0688025199483078,0.8102200324595066,0.0,-0.051138584576030925,0,0,1
776,0,3,0,-0.9149614022577138,-0.6025119615158758,0.0,-0.7961266098800885,0,0,1
777,0,3,0,-0.08613809053381893,-0.6025119615158758,0.0,-0.7961266098800885,0,1,0
778,1,3,1,-1.9924317074987772,-0.6025119615158758,0.0,-0.5653024512203068,0,0,1
779,0,3,0,-0.08613809053381893,-0.6025119615158758,0.0,-0.7967372558024689,0,1,0
780,1,1,1,1.1570968770520236,-0.6025119615158758,0.0,2.0316232164746784,0,0,1
781,1,3,1,-1.3293730581196614,-0.6025119615158758,0.0,-0.8215685615901446,1,0,0
782,1,1,1,-0.9978437334301034,0.8102200324595066,0.0,1.6098183242985895,0,0,1
783,0,1,0,-0.003255759361429436,-0.6025119615158758,0.0,0.2908231319569791,0,0,1
784,0,3,0,-0.08613809053381893,0.8102200324595066,0.0,-0.029155331370337455,0,0,1
785,0,3,0,-0.3347850840509874,-0.6025119615158758,0.0,-0.8303227815333896,0,0,1
786,0,3,0,-0.3347850840509874,-0.6025119615158758,0.0,-0.8205524467753036,0,0,1
787,1,3,1,-0.9149614022577138,-0.6025119615158758,0.0,-0.8085447053576159,0,0,1
788,0,3,0,-1.7437847139816087,2.9293180234225806,0.0,0.24807791739035287,0,1,0
789,1,3,0,-2.199637535429751,0.8102200324595066,0.0,-0.16960389351782373,0,0,1
790,0,1,0,1.405743870569192,-0.6025119615158758,0.0,2.0316232164746784,1,0,0
791,0,3,0,-0.08613809053381893,-0.6025119615158758,0.0,-0.7961266098800885,0,1,0
792,0,2,0,-1.0807260646024928,-0.6025119615158758,0.0,0.0954164367952591,0,0,1
793,0,3,1,-0.08613809053381893,2.9293180234225806,0.0,2.0316232164746784,0,0,1
794,0,1,0,-0.08613809053381893,-0.6025119615158758,0.0,0.32481412658036024,1,0,0
795,0,3,0,-0.3347850840509874,-0.6025119615158758,0.0,-0.7890040358414437,0,0,1
796,0,2,0,0.8255675523624655,-0.6025119615158758,0.0,-0.539655322480331,0,0,1
797,1,1,1,1.6543908640863605,-0.6025119615158758,0.0,0.09195773829089673,0,0,1
798,1,3,1,0.16250890298334955,-0.6025119615158758,0.0,-0.7505333427314803,0,0,1
799,0,3,0,0.07962657181096006,-0.6025119615158758,0.0,-0.8215685615901446,1,0,0
800,0,3,1,0.07962657181096006,0.8102200324595066,0.0,0.005040840282963516,0,0,1
801,0,2,0,0.41115589650051804,-0.6025119615158758,0.0,-0.539655322480331,0,0,1
802,1,2,1,0.16250890298334955,0.8102200324595066,0.0,0.1076293552428666,0,0,1
803,1,1,0,-1.4951377204644403,0.8102200324595066,0.0,2.0316232164746784,0,0,1
804,1,3,0,-2.199637535429751,-0.6025119615158758,0.0,-0.7586720315849659,1,0,0
805,1,3,0,-0.16902042170620843,-0.6025119615158758,0.0,-0.8339866570676719,0,0,1
806,0,3,0,0.16250890298334955,-0.6025119615158758,0.0,-0.7949053180353277,0,0,1
807,0,1,0,0.8255675523624655,-0.6025119615158758,0.0,-1.1747270817559212,0,0,1
808,0,3,1,-0.9149614022577138,-0.6025119615158758,0.0,-0.7949053180353277,0,0,1
809,0,2,0,0.8255675523624655,-0.6025119615158758,0.0,-0.539655322480331,0,0,1
810,1,1,1,0.3282735653281285,0.8102200324595066,0.0,1.4192967965159125,0,0,1
811,0,3,0,-0.2519027528785979,-0.6025119615158758,0.0,-0.7894095047339045,0,0,1
812,0,3,0,0.8255675523624655,-0.6025119615158758,0.0,0.005040840282963516,0,0,1
813,0,2,0,0.4940382276729075,-0.6025119615158758,0.0,-0.661784506956406,0,0,1
814,0,3,1,-1.9095493763263878,2.9293180234225806,0.0,0.35310901603977735,0,0,1
815,0,3,0,0.1210677373971548,-0.6025119615158758,0.0,-0.7814711077429595,0,0,1
816,0,1,0,-0.08613809053381893,-0.6025119615158758,0.0,-1.1747270817559212,0,0,1
817,0,3,1,-0.5005497463957664,-0.6025119615158758,0.0,-0.7875775669667633,0,0,1
818,0,2,0,0.16250890298334955,0.8102200324595066,0.0,0.6329900255199089,1,0,0
819,0,3,0,1.1570968770520236,-0.6025119615158758,0.0,-0.8596337858076476,0,0,1
820,0,3,0,-1.57802005163683,2.9293180234225806,0.0,0.18823461699707605,0,0,1
821,1,1,1,1.903037857603529,0.8102200324595066,0.0,2.0316232164746784,0,0,1
822,1,3,0,-0.16902042170620843,-0.6025119615158758,0.0,-0.7515494575463212,0,0,1
823,0,1,0,0.742685221190076,-0.6025119615158758,0.0,-1.1747270817559212,0,0,1
824,1,3,1,-0.16902042170620843,-0.6025119615158758,0.0,-0.5653024512203068,0,0,1
825,0,3,0,-2.199637535429751,2.9293180234225806,0.0,0.7640737218017698,0,0,1
826,0,3,0,-0.08613809053381893,-0.6025119615158758,0.0,-0.8352079489124326,0,1,0
827,0,3,0,-0.08613809053381893,-0.6025119615158758,0.0,1.5851873103734548,0,0,1
828,1,2,0,-2.199637535429751,-0.6025119615158758,0.0,0.6329900255199089,1,0,0
829,1,3,0,-0.08613809053381893,-0.6025119615158758,0.0,-0.7961266098800885,0,1,0
830,1,1,1,2.1102436855345026,-0.6025119615158758,0.0,2.0316232164746784,0,0,1
831,1,3,1,-1.1636083957748824,0.8102200324595066,0.0,-0.46861521845428766,1,0,0
832,1,2,0,-2.199637535429751,0.8102200324595066,0.0,-0.25875819818535845,0,0,1
833,0,3,0,-0.08613809053381893,-0.6025119615158758,0.0,-0.8215685615901446,1,0,0
834,0,3,0,-0.5005497463957664,-0.6025119615158758,0.0,-0.7910362654711258,0,0,1
835,0,3,0,-0.9149614022577138,-0.6025119615158758,0.0,-0.7692581892953521,0,0,1
836,1,1,1,0.8255675523624655,0.8102200324595066,0.0,2.0316232164746784,1,0,0
837,0,3,0,-0.6663144087405454,-0.6025119615158758,0.0,-0.7515494575463212,0,0,1
838,0,3,0,-0.08613809053381893,-0.6025119615158758,0.0,-0.7814711077429595,0,0,1
839,1,3,0,0.24539123415573905,-0.6025119615158758,0.0,1.5851873103734548,0,0,1
840,1,1,0,-0.08613809053381893,-0.6025119615158758,0.0,0.2761676298198501,1,0,0
841,0,3,0,-0.7491967399129349,-0.6025119615158758,0.0,-0.7875775669667633,0,0,1
842,0,2,0,-1.0807260646024928,-0.6025119615158758,0.0,-0.661784506956406,0,0,1
843,1,1,1,0.07962657181096006,-0.6025119615158758,0.0,0.33967480574740916,1,0,0
844,0,3,0,0.4525970620867128,-0.6025119615158758,0.0,-0.860244431730028,1,0,0
845,0,3,0,-0.9978437334301034,-0.6025119615158758,0.0,-0.7515494575463212,0,0,1
846,0,3,0,1.074214545879634,-0.6025119615158758,0.0,-0.8058969446381745,0,0,1
847,0,3,0,-0.08613809053381893,2.9293180234225806,0.0,2.0316232164746784,0,0,1
848,0,3,0,0.4940382276729075,-0.6025119615158758,0.0,-0.7890040358414437,1,0,0
849,0,2,0,-0.08613809053381893,-0.6025119615158758,0.0,0.4373781533282692,0,0,1
850,1,1,1,-0.08613809053381893,0.8102200324595066,0.0,2.0316232164746784,1,0,0
851,0,3,0,-2.075314038671167,2.9293180234225806,0.0,0.35310901603977735,0,0,1
852,0,3,0,2.1102436855345026,-0.6025119615158758,0.0,-0.7949053180353277,0,0,1
853,0,3,1,-1.6609023828092193,0.8102200324595066,0.0,-0.42994423348178334,1,0,0
854,1,1,1,-1.0807260646024928,-0.6025119615158758,0.0,0.7500288655870212,0,0,1
855,0,2,1,1.239979208224413,0.8102200324595066,0.0,0.0954164367952591,0,0,1
856,1,3,1,-0.9149614022577138,-0.6025119615158758,0.0,-0.7179639318154005,0,0,1
857,1,1,1,1.3228615393968024,0.8102200324595066,0.0,2.0316232164746784,0,0,1
858,1,1,0,1.8201555264311393,-0.6025119615158758,0.0,0.12228485737999564,0,0,1
859,1,3,1,-0.4176674152233769,-0.6025119615158758,0.0,-0.23392689239768297,1,0,0
860,0,3,0,-0.08613809053381893,-0.6025119615158758,0.0,-0.8215685615901446,1,0,0
861,0,3,0,0.9913322147072445,2.222952026434889,0.0,-0.48551301241839745,0,0,1
862,0,2,0,-0.6663144087405454,0.8102200324595066,0.0,-0.612932833165976,0,0,1
863,1,1,1,1.5715085329139709,-0.6025119615158758,0.0,0.09195773829089673,0,0,1
864,0,3,1,-0.08613809053381893,2.9293180234225806,0.0,2.0316232164746784,0,0,1
865,0,2,0,-0.4176674152233769,-0.6025119615158758,0.0,-0.539655322480331,0,0,1
866,1,2,1,1.074214545879634,-0.6025119615158758,0.0,-0.539655322480331,0,0,1
867,1,2,1,-0.16902042170620843,0.8102200324595066,0.0,-0.4977259308660049,1,0,0
868,0,1,0,0.16250890298334955,-0.6025119615158758,0.0,1.2920772676308747,0,0,1
869,0,3,0,-0.08613809053381893,-0.6025119615158758,0.0,-0.710636180746836,0,0,1
870,1,3,0,-2.075314038671167,0.8102200324595066,0.0,-0.6308467419449267,0,0,1
871,0,3,0,-0.2519027528785979,-0.6025119615158758,0.0,-0.7890040358414437,0,0,1
872,1,1,1,1.4886262017415814,0.8102200324595066,0.0,1.3926335529610958,0,0,1
873,0,1,0,0.3282735653281285,-0.6025119615158758,0.0,-0.9304687128037711,0,0,1
874,0,3,0,1.4886262017415814,-0.6025119615158758,0.0,-0.735062017642051,0,0,1
875,1,2,1,-0.08613809053381893,0.8102200324595066,0.0,-0.002286910785600916,1,0,0
876,1,3,1,-1.1636083957748824,-0.6025119615158758,0.0,-0.8217737386200644,1,0,0
877,0,3,0,-0.7491967399129349,-0.6025119615158758,0.0,-0.6937432719501053,0,0,1
878,0,3,0,-0.8320790710853244,-0.6025119615158758,0.0,-0.7890040358414437,0,0,1
879,0,3,0,-0.08613809053381893,-0.6025119615158758,0.0,-0.7890040358414437,0,0,1
880,1,1,1,2.1102436855345026,-0.6025119615158758,0.0,2.0316232164746784,1,0,0
881,1,2,1,-0.3347850840509874,-0.6025119615158758,0.0,0.0954164367952591,0,0,1
882,0,3,0,0.3282735653281285,-0.6025119615158758,0.0,-0.7890040358414437,0,0,1
883,0,3,1,-0.5834320775681558,-0.6025119615158758,0.0,-0.6609686840041058,0,0,1
884,0,2,0,-0.08613809053381893,-0.6025119615158758,0.0,-0.661784506956406,0,0,1
885,0,3,0,-0.3347850840509874,-0.6025119615158758,0.0,-0.8303227815333896,0,0,1
886,0,3,1,0.8255675523624655,-0.6025119615158758,0.0,0.24807791739035287,0,1,0
887,0,2,0,-0.16902042170620843,-0.6025119615158758,0.0,-0.539655322480331,0,0,1
888,1,1,1,-0.8320790710853244,-0.6025119615158758,0.0,0.2908231319569791,0,0,1
889,0,3,1,-0.08613809053381893,0.8102200324595066,0.0,-0.029155331370337455,0,0,1
890,1,1,0,-0.2519027528785979,-0.6025119615158758,0.0,0.2908231319569791,1,0,0
891,0,3,0,0.24539123415573905,-0.6025119615158758,0.0,-0.7961266098800885,0,1,0
